{"accuracy": 0.09401652452025587, "auc": 0.48922613344392707, "loss": 6.437095213487658, "std_accuracy": 0.08859867434128425, "_timestamp": 1718247198.448734, "_runtime": 33.42721605300903, "_step": 0}