{"accuracy": 0.09401652452025587, "auc": 0.48922613344392707, "loss": 5.988911577731888, "std_accuracy": 0.08859867434128425, "_timestamp": 1718710012.3573983, "_runtime": 19.096694231033325, "_step": 0}