{"accuracy": 0.43923240938166314, "auc": 0.9324849967098517, "loss": 3.238569956085774, "std_accuracy": 0.03025051061190627, "_timestamp": 1718303880.3308094, "_runtime": 13376.063631296158, "_step": 100, "_wandb": {"runtime": 13386}}