{"accuracy": 0.01099413646055437, "auc": 0.49499726891141904, "loss": 8.202000568723747, "std_accuracy": 0.00799311294324807, "_timestamp": 1717835804.7512853, "_runtime": 20.398324251174927, "_step": 0}