{"accuracy": 0.4757080973008997, "auc": 0.8702671935204863, "loss": 1.3857925025197122, "std_accuracy": 0.1676198630410232, "_timestamp": 1717642683.136986, "_runtime": 2382.8684890270233, "_step": 50, "_wandb": {"runtime": 2385}}