{"accuracy": 0.09401652452025587, "auc": 0.48922613344392707, "loss": 6.867387437406992, "std_accuracy": 0.08859867434128425, "_timestamp": 1718700944.5571494, "_runtime": 48.61835551261902, "_step": 0}