{"accuracy": 0.6647121535181236, "auc": 0.9225321716399736, "loss": 0.6572314013721626, "std_accuracy": 0.06440433394402437, "_timestamp": 1718215209.8133059, "_runtime": 4383.226894855499, "_step": 100, "_wandb": {"runtime": 4384}}