{"accuracy": 0.09401652452025587, "auc": 0.48922613344392707, "loss": NaN, "std_accuracy": 0.08859867434128425, "_timestamp": 1718699188.2892969, "_runtime": 49.514301776885986, "_step": 0}