{"accuracy": 0.3400186567164179, "auc": 0.9026932703006723, "loss": 1.2816153881881638, "std_accuracy": 0.0308685328545992, "_timestamp": 1718313672.5779276, "_runtime": 4599.932783603668, "_step": 100}