{"accuracy": 0.6514525586353944, "auc": 0.9306927867651061, "loss": 4.488297369094253, "std_accuracy": 0.11666216927530672, "_timestamp": 1718342318.9609635, "_runtime": 5125.570461511612, "_step": 100}