{"accuracy": 0.4193097014925373, "auc": 0.928275252485104, "loss": 3.4506329812825665, "std_accuracy": 0.0292046259032425, "_timestamp": 1718309056.8773293, "_runtime": 5152.29526424408, "_step": 100, "_wandb": {"runtime": 5155}}