{"accuracy": 0.013659381663113007, "auc": 0.5099801076182954, "loss": 7.452975104836857, "std_accuracy": 0.008380183425715133, "_timestamp": 1717836030.7548642, "_runtime": 147.90596628189087, "_step": 1}