{"accuracy": 0.6548507462686567, "auc": 0.9270380179144927, "loss": 4.18277716154308, "std_accuracy": 0.06647641238278228, "_timestamp": 1717690129.6214712, "_runtime": 2611.907942056656, "_step": 50}