{"accuracy": 0.6906982942430704, "auc": 0.933334587511857, "loss": 4.572943980638692, "std_accuracy": 0.05085269684637834, "_timestamp": 1718210806.029954, "_runtime": 9873.056916952133, "_step": 100, "_wandb": {"runtime": 9880}}