{"accuracy": 0.5910181236673774, "auc": 0.9054962751851356, "loss": 4.717368547971538, "std_accuracy": 0.08287144448303203, "_timestamp": 1718023771.307194, "_runtime": 1627.7747728824615, "_step": 31}