{"accuracy": 0.6186034115138592, "auc": 0.9079612256579781, "loss": 0.986163877596745, "std_accuracy": 0.06841425292287598, "_timestamp": 1717646533.1964898, "_runtime": 2263.35920381546, "_step": 50, "_wandb": {"runtime": 2266}}