{"accuracy": 0.6710421108742004, "auc": 0.9229183873574424, "loss": 0.7215984676011725, "std_accuracy": 0.05988997301931162, "_timestamp": 1718446518.5772958, "_runtime": 5075.691520690918, "_step": 100}