{"accuracy": 0.5342484008528785, "auc": 0.8863460538851659, "loss": 5.623086085209268, "std_accuracy": 0.08298487733933609, "_timestamp": 1718250369.0965383, "_runtime": 2600.922602415085, "_step": 24}