{"accuracy": 0.64465618336887, "auc": 0.9037355618940339, "loss": 159.01750179797926, "std_accuracy": 0.05164596945991112, "_timestamp": 1720421199.7444637, "_runtime": 3353.4211626052856, "_step": 42}