{"accuracy": 0.09401652452025587, "auc": 0.48922613344392707, "loss": 6.867387437406992, "std_accuracy": 0.08859867434128425, "_timestamp": 1718700837.4758406, "_runtime": 47.702083587646484, "_step": 0}