{"accuracy": 0.09401652452025587, "auc": 0.48922613344392707, "loss": 6.437095213487658, "std_accuracy": 0.08859867434128425, "_timestamp": 1718247519.4822884, "_runtime": 13.265666246414185, "_step": 0}