{"accuracy": 0.6489872068230277, "auc": 0.9234479524058908, "loss": 4.3979681678590055, "std_accuracy": 0.06726264366917017, "_timestamp": 1718009880.3957686, "_runtime": 2518.9746437072754, "_step": 50}