{"accuracy": 0.09401652452025587, "auc": 0.48922613344392707, "loss": 6.867387437406992, "std_accuracy": 0.08859867434128425, "_timestamp": 1718701788.855134, "_runtime": 48.60706305503845, "_step": 0}