{"accuracy": 0.09401652452025587, "auc": 0.48922613344392707, "loss": NaN, "std_accuracy": 0.08859867434128425, "_timestamp": 1718682268.1835885, "_runtime": 49.34100961685181, "_step": 0}