{"accuracy": 0.6729077825159915, "auc": 0.9318689780996633, "loss": 3.7086287819581223, "std_accuracy": 0.06021223158901931, "_timestamp": 1718228035.8309448, "_runtime": 7801.616473674774, "_step": 100}