{"accuracy": 0.412046908315565, "auc": 0.9282431549799176, "loss": 3.540795033084098, "std_accuracy": 0.034749391231482255, "_timestamp": 1717701892.561262, "_runtime": 5186.506766796112, "_step": 100, "_wandb": {"runtime": 5188}}