{"accuracy": 0.09370209930023325, "auc": 0.4940280178992007, "loss": 2.303990131857767, "std_accuracy": 0.18145544267502495, "_timestamp": 1717640265.8027902, "_runtime": 20.923619270324707, "_step": 0}