{"accuracy": 0.6454557569296375, "auc": 0.9232909352388351, "loss": 4.402747784391304, "std_accuracy": 0.07598769903100246, "_timestamp": 1717657488.6041937, "_runtime": 2754.951559782028, "_step": 50}