{"accuracy": 0.4269722814498934, "auc": 0.9289104786744193, "loss": 3.3300433208473788, "std_accuracy": 0.027990062324089557, "_timestamp": 1718290479.8812401, "_runtime": 17690.321223020554, "_step": 100, "_wandb": {"runtime": 17706}}