{"accuracy": 0.5187233475479744, "auc": 0.8746904651754793, "ce_loss": 1.33102871772058, "sup_loss": 4.172836230900473, "std_accuracy": 0.0647277339902219, "_timestamp": 1720344632.391273, "_runtime": 5796.481815099716, "_step": 16}