{"accuracy": 0.6489872068230277, "auc": 0.9240686281617715, "loss": 4.392262006081598, "std_accuracy": 0.07177911151862522, "_timestamp": 1717651327.673144, "_runtime": 2591.9773240089417, "_step": 50, "_wandb": {"runtime": 3156}}