{"accuracy": 0.0019989339019189766, "auc": 0.4563395952166933, "loss": 8.745101828106566, "std_accuracy": 0.003062572999153857, "_timestamp": 1717691002.2434454, "_runtime": 15.450226306915283, "_step": 0}