{"accuracy": 0.4480277185501066, "auc": 0.8488068702573548, "ce_loss": 1.5080456222929706, "sup_loss": 1.990429875650847, "std_accuracy": 0.08472393557925699, "_timestamp": 1720337244.5975244, "_runtime": 4383.101660490036, "_step": 11}