{"accuracy": 0.29191098081023453, "auc": 0.7621411404715814, "ce_loss": 1.9205452546388089, "sup_loss": 4.055406049340071, "std_accuracy": 0.08771457437548248, "_timestamp": 1720338773.4703214, "_runtime": 1134.6827833652496, "_step": 3}