{"accuracy": 0.09401652452025587, "auc": 0.48922613344392707, "loss": NaN, "std_accuracy": 0.08859867434128425, "_timestamp": 1718682551.6415641, "_runtime": 49.91934323310852, "_step": 0}