{"accuracy": 0.6567164179104478, "auc": 0.9252751421150978, "loss": 5.1752748565177695, "std_accuracy": 0.06798635733813409, "_timestamp": 1718200280.3644676, "_runtime": 5057.908504724503, "_step": 50, "_wandb": {"runtime": 5064}}