{"accuracy": 0.7059568230277186, "auc": 0.9332231109243545, "ce_loss": 0.2853900625591161, "sup_loss": 0.3362091083424112, "std_accuracy": 0.06203321746066668, "_timestamp": 1720298249.9095018, "_runtime": 14038.595481872559, "_step": 100}