{"accuracy": 0.6879664179104478, "auc": 0.9322635492241156, "loss": 4.18693372004294, "std_accuracy": 0.057855149467656374, "_timestamp": 1718260757.9662004, "_runtime": 10041.8578042984, "_step": 100}