{"accuracy": 0.09401652452025587, "auc": 0.48922613344392707, "loss": 5.988911577731888, "std_accuracy": 0.08859867434128425, "_timestamp": 1718702016.4248152, "_runtime": 15.726101160049438, "_step": 0}