{"accuracy": 0.6501865671641791, "auc": 0.9235757971575383, "loss": 4.395776510583183, "std_accuracy": 0.0634440073034038, "_timestamp": 1717730741.2357888, "_runtime": 2674.7820677757263, "_step": 50}