{"accuracy": 0.09401652452025587, "auc": 0.48922613344392707, "ce_loss": 2.3038371253564867, "sup_loss": 2.7446872481720983, "std_accuracy": 0.08859867434128425, "_timestamp": 1720279007.2687805, "_runtime": 24.96687150001526, "_step": 0}