{"accuracy": 0.03244936034115139, "auc": 0.6004803486511661, "loss": 7.167765317722578, "std_accuracy": 0.0179852694762653, "_timestamp": 1717691406.105387, "_runtime": 371.62565088272095, "_step": 7}