{"accuracy": 0.6512526652452025, "auc": 0.9233485220415955, "loss": 4.398902179533347, "std_accuracy": 0.06942669554537548, "_timestamp": 1717654528.2289903, "_runtime": 2621.703136205673, "_step": 50, "_wandb": {"runtime": 2625}}