{"accuracy": 0.24713486140724947, "auc": 0.7562492788080666, "loss": 5.44510207734356, "std_accuracy": 0.13233405489424477, "_timestamp": 1718701411.3805444, "_runtime": 63.78956151008606, "_step": 1}