{"accuracy": 0.41946017994002, "auc": 0.8443004741654554, "loss": 1.5242247522910894, "std_accuracy": 0.18192965685053142, "_timestamp": 1717644166.9618635, "_runtime": 1461.8715496063232, "_step": 33}