{"accuracy": 0.09401652452025587, "auc": 0.48922613344392707, "loss": NaN, "std_accuracy": 0.08859867434128425, "_timestamp": 1718694409.2852523, "_runtime": 85.6077492237091, "_step": 0}