{"accuracy": 0.6667777185501066, "auc": 0.9253821463719524, "loss": -0.23205861681803114, "std_accuracy": 0.0553943758990492, "_timestamp": 1718530116.0104825, "_runtime": 2410.815360546112, "_step": 47}