{"accuracy": 0.09401652452025587, "auc": 0.48922613344392707, "loss": 6.867387437406992, "std_accuracy": 0.08859867434128425, "_timestamp": 1718700678.7076309, "_runtime": 48.79549479484558, "_step": 0}