{"accuracy": 0.4184434968017058, "auc": 0.928805758230404, "loss": 3.443725841459277, "std_accuracy": 0.031021095955735052, "_timestamp": 1717696539.635888, "_runtime": 5114.239053010941, "_step": 100, "_wandb": {"runtime": 5117}}