{"accuracy": 0.01099413646055437, "auc": 0.49499726891141904, "loss": 8.202000568723747, "std_accuracy": 0.00799311294324807, "_timestamp": 1717836156.6016843, "_runtime": 16.375351428985596, "_step": 0}