{"accuracy": 0.2796508528784648, "auc": 0.8273392121777512, "loss": 5.38548550681028, "std_accuracy": 0.039602259410279304, "_timestamp": 1717707061.146042, "_runtime": 5154.3295311927795, "_step": 100, "_wandb": {"runtime": 5157}}