{"accuracy": 0.09401652452025587, "auc": 0.48922613344392707, "loss": 5.988911577731888, "std_accuracy": 0.08859867434128425, "_timestamp": 1718709453.0487082, "_runtime": 26.078224182128906, "_step": 0}