{"accuracy": 0.09401652452025587, "auc": 0.48922613344392707, "loss": NaN, "std_accuracy": 0.08859867434128425, "_timestamp": 1718527562.5847335, "_runtime": 20.036608457565308, "_step": 0}