{"accuracy": 0.6771721748400853, "auc": 0.9314363193080792, "loss": 4.055447328641924, "std_accuracy": 0.07271958326908316, "_timestamp": 1718016256.0285149, "_runtime": 4412.541563749313, "_step": 57}