{"accuracy": 0.6983608742004265, "auc": 0.9373119066278275, "loss": 2.3144655103628344, "std_accuracy": 0.053362583540970086, "_timestamp": 1718355956.8676305, "_runtime": 5066.898819446564, "_step": 100}