{"accuracy": 0.457089552238806, "auc": 0.8552912766452478, "loss": 1.4729105155764288, "std_accuracy": 0.08662807737097838, "_timestamp": 1718350289.5727398, "_runtime": 787.8349969387054, "_step": 15}