{"accuracy": 0.6966284648187633, "auc": 0.9360405462421496, "loss": 3.8938220143318176, "std_accuracy": 0.055236514764476365, "_timestamp": 1718220218.021621, "_runtime": 4992.066047906876, "_step": 100, "_wandb": {"runtime": 4994}}