{"accuracy": 0.09401652452025587, "auc": 0.48922613344392707, "loss": 6.437095213487658, "std_accuracy": 0.08859867434128425, "_timestamp": 1718247247.7176213, "_runtime": 14.761849403381348, "_step": 0}