{"accuracy": 0.5421775053304904, "auc": 0.8852759099310259, "ce_loss": 1.2264747505932185, "sup_loss": 0.3540255113833212, "std_accuracy": 0.08554422707924311, "_timestamp": 1720283366.4034152, "_runtime": 4016.5407841205597, "_step": 27}