{"accuracy": 0.4226412579957356, "auc": 0.928998475732589, "loss": 3.4508337776151246, "std_accuracy": 0.03188449129027683, "_timestamp": 1717712347.9628198, "_runtime": 5119.709156751633, "_step": 100}