{"accuracy": 0.6092750533049041, "auc": 0.903851414019995, "ce_loss": 1.0729005757920043, "sup_loss": 3.74918859733079, "std_accuracy": 0.06759179692561547, "_timestamp": 1720352403.8312352, "_runtime": 7516.042875051498, "_step": 21}